<?xml version="1.0" encoding="UTF-8"?>
<project-private xmlns="http://www.netbeans.org/ns/project-private/1">
    <editor-bookmarks xmlns="http://www.netbeans.org/ns/editor-bookmarks/2" lastBookmarkId="1">
        <file>
            <url>src/assignment/pkg2/pkg1/MiscellaneousVendingMachine.java</url>
            <bookmark id="1">
                <name/>
                <line>18</line>
                <key/>
            </bookmark>
        </file>
    </editor-bookmarks>
    <open-files xmlns="http://www.netbeans.org/ns/projectui-open-files/2">
        <group>
            <file>file:/Users/lauriceniabuque/NetBeansProjects/Assignment_2.2/src/assignment/pkg2/pkg1/IVendingItems.java</file>
            <file>file:/Users/lauriceniabuque/NetBeansProjects/Assignment_2.2/src/assignment/pkg2/pkg1/SodaVendingMachine.java</file>
            <file>file:/Users/lauriceniabuque/NetBeansProjects/Assignment_2.2/src/assignment/pkg2/pkg1/StarWarsCharacters.java</file>
            <file>file:/Users/lauriceniabuque/NetBeansProjects/Assignment_2.2/src/assignment/pkg2/pkg1/Candy.java</file>
            <file>file:/Users/lauriceniabuque/NetBeansProjects/Assignment_2.2/src/assignment/pkg2/pkg1/CandyVendingMachine.java</file>
            <file>file:/Users/lauriceniabuque/NetBeansProjects/Assignment_2.2/src/assignment/pkg2/pkg1/MiscellaneousVendingMachine.java</file>
            <file>file:/Users/lauriceniabuque/NetBeansProjects/Assignment_2.2/src/assignment/pkg2/pkg1/MainProgram.java</file>
            <file>file:/Users/lauriceniabuque/NetBeansProjects/Assignment_2.2/src/assignment/pkg2/pkg1/Soda.java</file>
            <file>file:/Users/lauriceniabuque/NetBeansProjects/Assignment_2.2/src/assignment/pkg2/pkg1/IVendingMachine.java</file>
        </group>
    </open-files>
</project-private>
